Workbook

Sheet Dados
A1: Dados
A3: Premissa | B3: Valor | C3: Unidade
A4: Semanas de operação/ano | B4: 50 | C4: semanas
A5: Tarifa por transação | B5: 30 | C5: R$/transação
A6: Posições por banco | B6: 40 | C6: posições/banco
A7: Custo anual por banco | B7: 70000 | C7: R$/banco/ano
A8: Equipamento + seguro + manutenção | B8: 1400 | C8: R$/posição/ano
A10: Complexidade | B10: Operação armários | C10: Operação parceiros
A11: Baixa | B11: 700 | C11: 1100
A12: Moderada | B12: 1400 | C12: 2000
A13: Alta | B13: 3200 | C13: 4600
A15: resultado operacional anual = receita anual − custos anuais diretos.

Sheet Bairros
A1: Dados-base por bairro
A3: Bairro | B3: Transações/semana | C3: Posições necessárias | D3: Utilização | E3: Complexidade | F3: Âncora de demanda | G3: Comportamento
A4: Estação Central | B4: 24000 | C4: 2400 | D4: 0.42 | E4: Moderada | F4: Terminal ferroviário/rodoviário | G4: Recorrente e ancorada
A5: Centro Histórico | B5: 18000 | C5: 1000 | D5: 0.54 | E5: Baixa | F5: Hotéis + atrações | G5: Distribuída ao longo do dia
A6: Arena | B6: 12000 | C6: 900 | D6: 0.31 | E6: Moderada | F6: Estádio + convenções | G6: Concentrada em eventos
A7: Noite Alta | B7: 20000 | C7: 1800 | D7: 0.33 | E7: Alta | F7: Bares + casas de show | G7: Concentrada à noite

Sheet Calculos
A1: Cálculo completo — receita, custos, resultado, margem e métricas derivadas
A3: Bairro | B3: Tx/sem | C3: Tx/ano | D3: Receita anual | E3: Posições | F3: Utilização | G3: Complexidade | H3: Bancos | I3: Equip./seg./manut. arm. | J3: Op. unitária arm. | K3: Operação arm. | L3: Bancos arm. | M3: Custo total arm. | N3: Resultado arm. | O3: Margem arm. | P3: Equip./seg./manut. parc. | Q3: Op. unitária parc. | R3: Operação parc. | S3: Custo total parc. | T3: Resultado parc. | U3: Margem parc. | V3: Resultado/posição parc. | W3: Economia parceiros | X3: Op. adicional parceiros | Y3: Custo bancos evitado | Z3: Reconciliação economia | AA3: Headroom/posição | AB3: Break-even banco | AC3: Redução necessária
A5: =Bairros!A4 -> Estação Central | B5: =Bairros!B4 -> 24000 | C5: =B5*Dados!$B$4 -> 1200000 | D5: =C5*Dados!$B$5 -> 36000000 | E5: =Bairros!C4 -> 2400 | F5: =Bairros!D4 -> 0.42 | G5: =Bairros!E4 -> Moderada | H5: =ROUNDUP(E5/Dados!$B$6,0) -> 60 | I5: =E5*Dados!$B$8 -> 3360000 | J5: =IF(G5="Baixa",Dados!$B$11,IF(G5="Moderada",Dados!$B$12,Dados!$B$13)) -> 1400 | K5: =E5*J5 -> 3360000 | L5: =H5*Dados!$B$7 -> 4200000 | M5: =SUM(I5,K5,L5) -> 10920000 | N5: =D5-M5 -> 25080000 | O5: =N5/D5 -> 0.69666667 | P5: =E5*Dados!$B$8 -> 3360000 | Q5: =IF(G5="Baixa",Dados!$C$11,IF(G5="Moderada",Dados!$C$12,Dados!$C$13)) -> 2000 | R5: =E5*Q5 -> 4800000 | S5: =SUM(P5,R5) -> 8160000 | T5: =D5-S5 -> 27840000 | U5: =T5/D5 -> 0.77333333 | V5: =T5/E5 -> 11600 | W5: =M5-S5 -> 2760000 | X5: =R5-K5 -> 1440000 | Y5: =L5 -> 4200000 | Z5: =Y5-X5 -> 2760000 | AA5: =W5/E5 -> 1150 | AB5: =((Q5-J5)*E5)/H5 -> 24000 | AC5: =1-(AB5/Dados!$B$7) -> 0.65714286
A6: =Bairros!A5 -> Centro Histórico | B6: =Bairros!B5 -> 18000 | C6: =B6*Dados!$B$4 -> 900000 | D6: =C6*Dados!$B$5 -> 27000000 | E6: =Bairros!C5 -> 1000 | F6: =Bairros!D5 -> 0.54 | G6: =Bairros!E5 -> Baixa | H6: =ROUNDUP(E6/Dados!$B$6,0) -> 25 | I6: =E6*Dados!$B$8 -> 1400000 | J6: =IF(G6="Baixa",Dados!$B$11,IF(G6="Moderada",Dados!$B$12,Dados!$B$13)) -> 700 | K6: =E6*J6 -> 700000 | L6: =H6*Dados!$B$7 -> 1750000 | M6: =SUM(I6,K6,L6) -> 3850000 | N6: =D6-M6 -> 23150000 | O6: =N6/D6 -> 0.85740741 | P6: =E6*Dados!$B$8 -> 1400000 | Q6: =IF(G6="Baixa",Dados!$C$11,IF(G6="Moderada",Dados!$C$12,Dados!$C$13)) -> 1100 | R6: =E6*Q6 -> 1100000 | S6: =SUM(P6,R6) -> 2500000 | T6: =D6-S6 -> 24500000 | U6: =T6/D6 -> 0.90740741 | V6: =T6/E6 -> 24500 | W6: =M6-S6 -> 1350000 | X6: =R6-K6 -> 400000 | Y6: =L6 -> 1750000 | Z6: =Y6-X6 -> 1350000 | AA6: =W6/E6 -> 1350 | AB6: =((Q6-J6)*E6)/H6 -> 16000 | AC6: =1-(AB6/Dados!$B$7) -> 0.77142857
A7: =Bairros!A6 -> Arena | B7: =Bairros!B6 -> 12000 | C7: =B7*Dados!$B$4 -> 600000 | D7: =C7*Dados!$B$5 -> 18000000 | E7: =Bairros!C6 -> 900 | F7: =Bairros!D6 -> 0.31 | G7: =Bairros!E6 -> Moderada | H7: =ROUNDUP(E7/Dados!$B$6,0) -> 23 | I7: =E7*Dados!$B$8 -> 1260000 | J7: =IF(G7="Baixa",Dados!$B$11,IF(G7="Moderada",Dados!$B$12,Dados!$B$13)) -> 1400 | K7: =E7*J7 -> 1260000 | L7: =H7*Dados!$B$7 -> 1610000 | M7: =SUM(I7,K7,L7) -> 4130000 | N7: =D7-M7 -> 13870000 | O7: =N7/D7 -> 0.77055556 | P7: =E7*Dados!$B$8 -> 1260000 | Q7: =IF(G7="Baixa",Dados!$C$11,IF(G7="Moderada",Dados!$C$12,Dados!$C$13)) -> 2000 | R7: =E7*Q7 -> 1800000 | S7: =SUM(P7,R7) -> 3060000 | T7: =D7-S7 -> 14940000 | U7: =T7/D7 -> 0.83 | V7: =T7/E7 -> 16600 | W7: =M7-S7 -> 1070000 | X7: =R7-K7 -> 540000 | Y7: =L7 -> 1610000 | Z7: =Y7-X7 -> 1070000 | AA7: =W7/E7 -> 1188.8889 | AB7: =((Q7-J7)*E7)/H7 -> 23478.261 | AC7: =1-(AB7/Dados!$B$7) -> 0.66459627
A8: =Bairros!A7 -> Noite Alta | B8: =Bairros!B7 -> 20000 | C8: =B8*Dados!$B$4 -> 1000000 | D8: =C8*Dados!$B$5 -> 30000000 | E8: =Bairros!C7 -> 1800 | F8: =Bairros!D7 -> 0.33 | G8: =Bairros!E7 -> Alta | H8: =ROUNDUP(E8/Dados!$B$6,0) -> 45 | I8: =E8*Dados!$B$8 -> 2520000 | J8: =IF(G8="Baixa",Dados!$B$11,IF(G8="Moderada",Dados!$B$12,Dados!$B$13)) -> 3200 | K8: =E8*J8 -> 5760000 | L8: =H8*Dados!$B$7 -> 3150000 | M8: =SUM(I8,K8,L8) -> 11430000 | N8: =D8-M8 -> 18570000 | O8: =N8/D8 -> 0.619 | P8: =E8*Dados!$B$8 -> 2520000 | Q8: =IF(G8="Baixa",Dados!$C$11,IF(G8="Moderada",Dados!$C$12,Dados!$C$13)) -> 4600 | R8: =E8*Q8 -> 8280000 | S8: =SUM(P8,R8) -> 10800000 | T8: =D8-S8 -> 19200000 | U8: =T8/D8 -> 0.64 | V8: =T8/E8 -> 10666.667 | W8: =M8-S8 -> 630000 | X8: =R8-K8 -> 2520000 | Y8: =L8 -> 3150000 | Z8: =Y8-X8 -> 630000 | AA8: =W8/E8 -> 350 | AB8: =((Q8-J8)*E8)/H8 -> 56000 | AC8: =1-(AB8/Dados!$B$7) -> 0.2

Sheet Sensibilidade
A1: Sensibilidade do modelo — break-even e headroom
A3: Bairro | B3: Bancos | C3: Custo banco atual | D3: Op. arm./posição | E3: Op. parc./posição | F3: Δ op./posição | G3: Break-even banco | H3: Redução necessária | I3: Economia parceiros | J3: Headroom/posição
A4: =Calculos!A5 -> Estação Central | B4: =Calculos!H5 -> 60 | C4: =Dados!$B$7 -> 70000 | D4: =Calculos!J5 -> 1400 | E4: =Calculos!Q5 -> 2000 | F4: =E4-D4 -> 600 | G4: =Calculos!AB5 -> 24000 | H4: =Calculos!AC5 -> 0.65714286 | I4: =Calculos!W5 -> 2760000 | J4: =Calculos!AA5 -> 1150
A5: =Calculos!A6 -> Centro Histórico | B5: =Calculos!H6 -> 25 | C5: =Dados!$B$7 -> 70000 | D5: =Calculos!J6 -> 700 | E5: =Calculos!Q6 -> 1100 | F5: =E5-D5 -> 400 | G5: =Calculos!AB6 -> 16000 | H5: =Calculos!AC6 -> 0.77142857 | I5: =Calculos!W6 -> 1350000 | J5: =Calculos!AA6 -> 1350
A6: =Calculos!A7 -> Arena | B6: =Calculos!H7 -> 23 | C6: =Dados!$B$7 -> 70000 | D6: =Calculos!J7 -> 1400 | E6: =Calculos!Q7 -> 2000 | F6: =E6-D6 -> 600 | G6: =Calculos!AB7 -> 23478.261 | H6: =Calculos!AC7 -> 0.66459627 | I6: =Calculos!W7 -> 1070000 | J6: =Calculos!AA7 -> 1188.8889
A7: =Calculos!A8 -> Noite Alta | B7: =Calculos!H8 -> 45 | C7: =Dados!$B$7 -> 70000 | D7: =Calculos!J8 -> 3200 | E7: =Calculos!Q8 -> 4600 | F7: =E7-D7 -> 1400 | G7: =Calculos!AB8 -> 56000 | H7: =Calculos!AC8 -> 0.2 | I7: =Calculos!W8 -> 630000 | J7: =Calculos!AA8 -> 350
A10: Fórmula: Break-even do banco = (custo operação parceiros/posição − custo operação armários/posição) × posições ÷ nº de bancos
A11: Fórmula: Redução necessária = 1 − (break-even ÷ custo atual do banco). Headroom/posição = economia dos parceiros ÷ posições.

Sheet Resumo
A1: BagHub — modelo financeiro auditável
A2: Todos os números financeiros da apresentação são rastreáveis às premissas, aos dados dos bairros e às fórmulas deste arquivo.
A4: Resultado — Estação | C4: Margem — Estação | E4: Economia parceiros — Estação | G4: Break-even banco — Estação
A5: =Calculos!T5 -> 27840000 | C5: =Calculos!U5 -> 0.77333333 | E5: =Calculos!W5 -> 2760000 | G5: =Calculos!AB5 -> 24000
A8: Bairro | B8: Receita anual (R$) | C8: Custo parceiros (R$) | D8: Resultado parceiros (R$) | E8: Margem | F8: Resultado/posição (R$) | G8: Economia vs armários (R$) | H8: Break-even banco (R$) | I8: Redução necessária
A9: =Calculos!A5 -> Estação Central | B9: =Calculos!D5 -> 36000000 | C9: =Calculos!S5 -> 8160000 | D9: =Calculos!T5 -> 27840000 | E9: =Calculos!U5 -> 0.77333333 | F9: =Calculos!V5 -> 11600 | G9: =Calculos!W5 -> 2760000 | H9: =Calculos!AB5 -> 24000 | I9: =Calculos!AC5 -> 0.65714286
A10: =Calculos!A6 -> Centro Histórico | B10: =Calculos!D6 -> 27000000 | C10: =Calculos!S6 -> 2500000 | D10: =Calculos!T6 -> 24500000 | E10: =Calculos!U6 -> 0.90740741 | F10: =Calculos!V6 -> 24500 | G10: =Calculos!W6 -> 1350000 | H10: =Calculos!AB6 -> 16000 | I10: =Calculos!AC6 -> 0.77142857
A11: =Calculos!A7 -> Arena | B11: =Calculos!D7 -> 18000000 | C11: =Calculos!S7 -> 3060000 | D11: =Calculos!T7 -> 14940000 | E11: =Calculos!U7 -> 0.83 | F11: =Calculos!V7 -> 16600 | G11: =Calculos!W7 -> 1070000 | H11: =Calculos!AB7 -> 23478.261 | I11: =Calculos!AC7 -> 0.66459627
A12: =Calculos!A8 -> Noite Alta | B12: =Calculos!D8 -> 30000000 | C12: =Calculos!S8 -> 10800000 | D12: =Calculos!T8 -> 19200000 | E12: =Calculos!U8 -> 0.64 | F12: =Calculos!V8 -> 10666.667 | G12: =Calculos!W8 -> 630000 | H12: =Calculos!AB8 -> 56000 | I12: =Calculos!AC8 -> 0.2
