Workbook

Sheet Resumo
A1: BagHub - Base de cálculos
A2: Resumo dos cenários analisados
A4: Bairro | B4: Trans./sem. | C4: Posições | D4: Utilização | E4: Receita anual | F4: Resultado - Armários | G4: Resultado - Parceiros
A5: Estação Central | B5: 24000 | C5: 2400 | D5: 0.42 | E5: =B5*Premissas!$B$2*Premissas!$B$3 -> R$ 36,000,000 | F5: =C5*Premissas!$B$4+C5*'Cálculos'!$G$2+ROUNDUP(C5/Premissas!$B$5,0)*Premissas!$B$6 -> R$ 10,920,000 | G5: =C5*Premissas!$B$4+C5*'Cálculos'!$H$2 -> R$ 8,160,000
A6: Centro Histórico | B6: 18000 | C6: 1000 | D6: 0.54 | E6: =B6*Premissas!$B$2*Premissas!$B$3 -> R$ 27,000,000 | F6: =C6*Premissas!$B$4+C6*'Cálculos'!$G$3+ROUNDUP(C6/Premissas!$B$5,0)*Premissas!$B$6 -> R$ 3,850,000 | G6: =C6*Premissas!$B$4+C6*'Cálculos'!$H$3 -> R$ 2,500,000
A7: Arena | B7: 12000 | C7: 900 | D7: 0.31 | E7: =B7*Premissas!$B$2*Premissas!$B$3 -> R$ 18,000,000 | F7: =C7*Premissas!$B$4+C7*'Cálculos'!$G$4+ROUNDUP(C7/Premissas!$B$5,0)*Premissas!$B$6 -> R$ 4,130,000 | G7: =C7*Premissas!$B$4+C7*'Cálculos'!$H$4 -> R$ 3,060,000
A8: Noite Alta | B8: 20000 | C8: 1800 | D8: 0.33 | E8: =B8*Premissas!$B$2*Premissas!$B$3 -> R$ 30,000,000 | F8: =C8*Premissas!$B$4+C8*'Cálculos'!$G$5+ROUNDUP(C8/Premissas!$B$5,0)*Premissas!$B$6 -> R$ 11,430,000 | G8: =C8*Premissas!$B$4+C8*'Cálculos'!$H$5 -> R$ 10,800,000
A11: Conclusão dos cálculos
A12: Estação Central + Pontos parceiros = maior resultado operacional anual.
A13: A utilização não foi usada para reduzir a quantidade de transações.

Sheet Premissas
A1: Premissas utilizadas
A2: Semanas de operação | B2: 50
A3: Tarifa por transação | B3: 30
A4: Custo equipamento / seguro / manutenção por posição | B4: 1400
A5: Posições por banco de armários | B5: 40
A6: Custo anual por banco de armários | B6: 70000

Sheet Cálculos
A1: Bairro | B1: Trans./sem. | C1: Posições | D1: Bancos | E1: Complexidade | F1: Utilização | G1: Operação / posição - Armários | H1: Operação / posição - Parceiros | I1: Receita | J1: Equip./seg./manut. | K1: Bancos | L1: Operação Arm. | M1: Custo total Arm. | N1: Resultado Arm. | O1: Operação Parceiros | P1: Custo total Parceiros | Q1: Resultado Parceiros
A2: Estação Central | B2: 24000 | C2: 2400 | D2: =ROUNDUP(C2/Premissas!$B$5,0) -> 60 | E2: Moderada | F2: 0.42 | G2: 1400 | H2: 2000 | I2: =B2*Premissas!$B$2*Premissas!$B$3 -> R$ 36,000,000 | J2: =C2*Premissas!$B$4 -> R$ 3,360,000 | K2: =D2*Premissas!$B$6 -> R$ 4,200,000 | L2: =C2*G2 -> R$ 3,360,000 | M2: =J2+K2+L2 -> R$ 10,920,000 | N2: =I2-M2 -> R$ 25,080,000 | O2: =C2*H2 -> R$ 4,800,000 | P2: =J2+O2 -> R$ 8,160,000 | Q2: =I2-P2 -> R$ 27,840,000
A3: Centro Histórico | B3: 18000 | C3: 1000 | D3: =ROUNDUP(C3/Premissas!$B$5,0) -> 25 | E3: Baixa | F3: 0.54 | G3: 700 | H3: 1100 | I3: =B3*Premissas!$B$2*Premissas!$B$3 -> R$ 27,000,000 | J3: =C3*Premissas!$B$4 -> R$ 1,400,000 | K3: =D3*Premissas!$B$6 -> R$ 1,750,000 | L3: =C3*G3 -> R$ 700,000 | M3: =J3+K3+L3 -> R$ 3,850,000 | N3: =I3-M3 -> R$ 23,150,000 | O3: =C3*H3 -> R$ 1,100,000 | P3: =J3+O3 -> R$ 2,500,000 | Q3: =I3-P3 -> R$ 24,500,000
A4: Arena | B4: 12000 | C4: 900 | D4: =ROUNDUP(C4/Premissas!$B$5,0) -> 23 | E4: Moderada | F4: 0.31 | G4: 1400 | H4: 2000 | I4: =B4*Premissas!$B$2*Premissas!$B$3 -> R$ 18,000,000 | J4: =C4*Premissas!$B$4 -> R$ 1,260,000 | K4: =D4*Premissas!$B$6 -> R$ 1,610,000 | L4: =C4*G4 -> R$ 1,260,000 | M4: =J4+K4+L4 -> R$ 4,130,000 | N4: =I4-M4 -> R$ 13,870,000 | O4: =C4*H4 -> R$ 1,800,000 | P4: =J4+O4 -> R$ 3,060,000 | Q4: =I4-P4 -> R$ 14,940,000
A5: Noite Alta | B5: 20000 | C5: 1800 | D5: =ROUNDUP(C5/Premissas!$B$5,0) -> 45 | E5: Alta | F5: 0.33 | G5: 3200 | H5: 4600 | I5: =B5*Premissas!$B$2*Premissas!$B$3 -> R$ 30,000,000 | J5: =C5*Premissas!$B$4 -> R$ 2,520,000 | K5: =D5*Premissas!$B$6 -> R$ 3,150,000 | L5: =C5*G5 -> R$ 5,760,000 | M5: =J5+K5+L5 -> R$ 11,430,000 | N5: =I5-M5 -> R$ 18,570,000 | O5: =C5*H5 -> R$ 8,280,000 | P5: =J5+O5 -> R$ 10,800,000 | Q5: =I5-P5 -> R$ 19,200,000

Sheet Capacidade
A1: Bairro | B1: Posições | C1: Utilização | D1: Posições ocupadas em média* | E1: Trans./sem.
A2: Estação Central | B2: 2400 | C2: 0.42 | D2: =B2*C2 -> 1008 | E2: 24000
A3: Centro Histórico | B3: 1000 | C3: 0.54 | D3: =B3*C3 -> 540 | E3: 18000
A4: Arena | B4: 900 | C4: 0.31 | D4: =B4*C4 -> 279 | E4: 12000
A5: Noite Alta | B5: 1800 | C5: 0.33 | D5: =B5*C5 -> 594 | E5: 20000
A7: * Indicador médio derivado da utilização informada. A capacidade do case foi dimensionada para os picos.

Sheet Notas
A1: Como fiz os cálculos
A3: • Receita anual = transações por semana × 50 semanas × R$ 30.
A4: • Nos dois modelos, o custo de equipamento, seguro e manutenção é R$ 1.400 por posição.
A5: • Nos armários, usei bancos de 40 posições e arredondei para cima. Cada banco custa R$ 70.000 por ano.
A6: • Para operação, usei o custo por posição correspondente à complexidade de cada bairro.
A7: • Resultado operacional = receita anual - custos diretamente atribuíveis à operação.
A8: • Não apliquei a utilização sobre as transações. O próprio case diz que a demanda já está informada e que a utilização não deve ser usada como desconto.
A9: • Não considerei sinergias de capacidade entre bairros, conforme orientação do case.
